{"cameraMode":{"drawMode":0,"name":"Shaded","section":"Shading Mode"},"sceneLighting":true,"audioPlay":false,"sceneViewState":{"m_AlwaysRefresh":false,"showFog":true,"showSkybox":true,"showFlares":true,"showImageEffects":true,"showParticleSystems":true,"showVisualEffectGraphs":true,"m_FxEnabled":false},"in2DMode":false,"pivot":{"x":-61.91492462158203,"y":12.032106399536133,"z":55.293399810791019},"rotation":{"x":0.08754520118236542,"y":0.36409562826156618,"z":-0.03439700976014137,"w":0.9266074299812317},"size":54.00314712524414,"orthographic":false}